{
  "configs": [
    {
      "server": "",
      "server_port": 8388,
      "password": "",
      "method": "aes-256-cfb",
      "plugin": "",
      "plugin_opts": "",
      "plugin_args": "",
      "remarks": "",
      "timeout": 5
    },
    {
      "server": "172.105.234.16",
      "server_port": 443,
      "password": "Sin1234qwer",
      "method": "aes-256-cfb",
      "plugin": "",
      "plugin_opts": "",
      "plugin_args": "",
      "remarks": "",
      "timeout": 5
    },
    {
      "server": "202.182.114.174",
      "server_port": 22859,
      "password": "597725955",
      "method": "aes-256-cfb",
      "plugin": "",
      "plugin_opts": "",
      "plugin_args": "",
      "remarks": "",
      "timeout": 5
    },
    {
      "server": "45.79.65.78",
      "server_port": 443,
      "password": "Sin1234qwer",
      "method": "aes-256-cfb",
      "plugin": "",
      "plugin_opts": "",
      "plugin_args": "",
      "remarks": "",
      "timeout": 5
    },
    {
      "server": "167.99.173.79",
      "server_port": 5080,
      "password": "i.wuw.red",
      "method": "aes-256-cfb",
      "plugin": "",
      "plugin_opts": "",
      "plugin_args": "",
      "remarks": "",
      "timeout": 5
    },
    {
      "server": "45.79.65.78",
      "server_port": 443,
      "password": "Sin1234qwer",
      "method": "aes-256-cfb",
      "plugin": "",
      "plugin_opts": "",
      "plugin_args": "",
      "remarks": "",
      "timeout": 5
    },
    {
      "server": "45.56.94.24",
      "server_port": 16478,
      "password": "f55.fun-29351847",
      "method": "aes-256-cfb",
      "plugin": "",
      "plugin_opts": "",
      "plugin_args": "",
      "remarks": "",
      "timeout": 5
    },
    {
      "server": "139.162.106.236",
      "server_port": 443,
      "password": "Sin1234qwer",
      "method": "aes-256-cfb",
      "plugin": "",
      "plugin_opts": "",
      "plugin_args": "",
      "remarks": "",
      "timeout": 5
    },
    {
      "server": "13.124.98.29",
      "server_port": 31444,
      "password": "KSXNhnZpjwC6Pc6C",
      "method": "aes-256-cfb",
      "plugin": "",
      "plugin_opts": "",
      "plugin_args": "",
      "remarks": "",
      "timeout": 5
    },
    {
      "server": "167.99.173.79",
      "server_port": 5045,
      "password": "i.wuw.red",
      "method": "aes-256-cfb",
      "plugin": "",
      "plugin_opts": "",
      "plugin_args": "",
      "remarks": "",
      "timeout": 5
    },
    {
      "server": "45.33.42.37",
      "server_port": 10860,
      "password": "f55.fun-52024297",
      "method": "aes-256-cfb",
      "plugin": "",
      "plugin_opts": "",
      "plugin_args": "",
      "remarks": "",
      "timeout": 5
    },
    {
      "server": "149.28.105.203",
      "server_port": 9999,
      "password": "20191920",
      "method": "aes-256-gcm",
      "plugin": "",
      "plugin_opts": "",
      "plugin_args": "",
      "remarks": "",
      "timeout": 5
    }
  ],
  "strategy": null,
  "index": 11,
  "global": true,
  "enabled": false,
  "shareOverLan": true,
  "isDefault": false,
  "localPort": 1080,
  "pacUrl": null,
  "useOnlinePac": false,
  "secureLocalPac": true,
  "availabilityStatistics": false,
  "autoCheckUpdate": true,
  "checkPreRelease": false,
  "isVerboseLogging": false,
  "logViewer": {
    "topMost": false,
    "wrapText": false,
    "toolbarShown": false,
    "Font": "Consolas, 8pt",
    "BackgroundColor": "Black",
    "TextColor": "White"
  },
  "proxy": {
    "useProxy": false,
    "proxyType": 0,
    "proxyServer": "",
    "proxyPort": 0,
    "proxyTimeout": 3
  },
  "hotkey": {
    "SwitchSystemProxy": "",
    "SwitchSystemProxyMode": "",
    "SwitchAllowLan": "",
    "ShowLogs": "",
    "ServerMoveUp": "",
    "ServerMoveDown": ""
  }
}