<?xml version="1.0" encoding="UTF-8"?>
<!-- Spring 容器 -->
<!-- 引入命名空间 -->
<beans xmlns="http://www.springframework.org/schema/beans"
	xmlns:xsi="http://www.w3.org/2001/XMLSchema-instance" xmlns:aop="http://www.springframework.org/schema/aop"

	xmlns:tx="http://www.springframework.org/schema/tx" xmlns:context="http://www.springframework.org/schema/context"

	xsi:schemaLocation="
			http://www.springframework.org/schema/beans http://www.springframework.org/schema/beans/spring-beans-2.5.xsd
			
			http://www.springframework.org/schema/aop http://www.springframework.org/schema/aop/spring-aop-2.5.xsd
			http://www.springframework.org/schema/tx http://www.springframework.org/schema/tx/spring-tx-2.5.xsd
			
			http://www.springframework.org/schema/context http://www.springframework.org/schema/context/spring-context-2.5.xsd
			http://www.springframework.org/schema/mvc
			 http://www.springframework.org/schema/mvc/spring-mvc-3.0.xsd
			"
	xmlns:mvc="http://www.springframework.org/schema/mvc">

	<!-- Action，让springioc容器去扫描带@Controller的类 -->
	<context:annotation-config></context:annotation-config>
	<context:component-scan base-package="com.spring/web"></context:component-scan>

	<bean id="dataSource" class="org.apache.commons.dbcp.BasicDataSource"
		destroy-method="close">
		<property name="driverClassName" value="${oracle.driver}" />
		<property name="url" value="${oracle.url}" />
		<property name="username" value="${oracle.username}" />
		<property name="password" value="${oracle.password}" />
		<!-- 初始化连接大小 -->
		<property name="initialSize" value="${initialSize}" />
		<!-- 连接池最大数量 -->
		<property name="maxActive" value="${maxActive}" />
		<!-- 连接池最大空闲 -->
		<property name="maxIdle" value="${maxIdle}" />
		<!-- 连接池最小空闲 -->
		<property name="minIdle" value="${minIdle}" />
		<!-- 获取连接最大等待时间 -->
		<property name="maxWait" value="${maxWait}" />
	</bean>
	

	<!-- 引入配置文件 -->
	<bean id="propertyConfigurer"
		class="org.springframework.beans.factory.config.PropertyPlaceholderConfigurer">
		<property name="location" value="classpath:db.properties" />
	</bean>

	<!-- spring和MyBatis完美整合，不需要mybatis的配置映射文件 -->
	<bean id="sqlSessionFactory" class="org.mybatis.spring.SqlSessionFactoryBean">
		<property name="dataSource" ref="dataSource" />
		<!-- 自动扫描mapping.xml文件，**表示迭代查找 -->
		<property name="mapperLocations" value="classpath:com/spring/web/entity/*.xml" />
	</bean>


</beans>